Assignment Submission ID,Question Submission ID,Name,SID,Email,Sections,Score,Submission Time,Correct,Adjustment,Comments,Grader,Tags
180227400,1580885386,Gregoire Bezier,2022-6,gregoire.bezier@epitech.eu,1,85.0,2023-05-11 05:27:38 -0700,true,-40.0,,Bo Dincer,""
180227402,1580885387,Corentin Bourdeau,2022-3,corentin.bourdeau@epitech.eu,1,100.0,2023-05-11 05:27:38 -0700,true,-25.0,,Bo Dincer,""
180227403,1580885388,Adam Cuvier,2022-1,adam.cuvier@epitech.eu,1,115.0,2023-05-11 05:27:39 -0700,true,-10.0,,Bo Dincer,""
180227404,1580885389,Tiziano Cutillo,2022-18,tiziano.cutillo@epitech.eu,1,105.0,2023-05-11 05:27:39 -0700,true,-20.0,,Bo Dincer,""
180227405,1580885390,Pierre Brun,2022-13,pierre.brun@epitech.eu,1,85.0,2023-05-11 05:27:39 -0700,true,-40.0,,Bo Dincer,""
180227406,1580885392,Romain Flori-Cantrelle,2022-16,romain.flori-cantrelle@epitech.eu,1,110.0,2023-05-11 05:27:40 -0700,true,-15.0,,Bo Dincer,""
180227409,1580885396,Tom Wederich,2022-19,tom.wederich@epitech.eu,1,105.0,2023-05-11 05:27:44 -0700,true,-20.0,,Bo Dincer,""
180227417,1580885466,Damien Maillard,2022-4,damien.maillard@epitech.eu,1,90.0,2023-05-11 05:28:03 -0700,true,-35.0,,Bo Dincer,""

Point Values,,,,125.0,0.0
Rubric Numbers,,,,,1.1
Scoring Method,negative
